type,arm,batch,posterior_prob,posterior_mean
Democrats,Accuracy,0,0.16666666666666666,NA
Democrats,Accuracy,1,0.1446,0.5406126932872517
Democrats,Accuracy,2,0.2144,0.5330827458129525
Democrats,Accuracy,3,0.475,0.5533866520094639
Democrats,Accuracy,4,0.1569,0.5320425082792896
Democrats,Accuracy,5,0.4028,0.5400625059792761
Democrats,Accuracy,6,0.4711,0.5429222157088931
Democrats,Accuracy,7,0.3095,0.5411385489087994
Democrats,Accuracy,8,0.2278,0.5310305512608208
Democrats,Accuracy,9,0.3102,0.5468398501735137
Democrats,Accuracy,10,0.2885,0.5441158759202639
Democrats,Control,0,0.16666666666666666,NA
Democrats,Control,1,0.0227,0.48508088036820207
Democrats,Control,2,0.0135,0.4755787943123025
Democrats,Control,3,0.001,0.45754211931826866
Democrats,Control,4,1e-4,0.4473707889800638
Democrats,Control,5,2e-4,0.4578332606347144
Democrats,Control,6,0.0025,0.47919010386074407
Democrats,Control,7,3e-4,0.47426117205558094
Democrats,Control,8,4e-4,0.47423777022766345
Democrats,Control,9,2e-4,0.4846026453204173
Democrats,Control,10,0.0035,0.5029237707317213
Democrats,Direction,0,0.16666666666666666,NA
Democrats,Direction,1,0.1738,0.5312023745739325
Democrats,Direction,2,0.1019,0.5044143942035526
Democrats,Direction,3,0.3168,0.538430577809267
Democrats,Direction,4,0.71,0.563130752385825
Democrats,Direction,5,0.3297,0.5362943371938119
Democrats,Direction,6,0.2528,0.5323899068820849
Democrats,Direction,7,0.2527,0.5372649104289591
Democrats,Direction,8,0.1475,0.5249452578408573
Democrats,Direction,9,0.078,0.5295615094447814
Democrats,Direction,10,0.0536,0.5242580037754287
Democrats,Extra Time,0,0.16666666666666666,NA
Democrats,Extra Time,1,0.0305,0.4677103915405606
Democrats,Extra Time,2,0.0166,0.4254051717491448
Democrats,Extra Time,3,0.007,0.4121544063070263
Democrats,Extra Time,4,0.0041,0.39982049372387685
Democrats,Extra Time,5,0.0068,0.39937932586337516
Democrats,Extra Time,6,0.0168,0.41939219391416555
Democrats,Extra Time,7,0.0313,0.4424938003734552
Democrats,Extra Time,8,0.0147,0.42725083167880396
Democrats,Extra Time,9,0.0064,0.4270868225460992
Democrats,Extra Time,10,0.0077,0.42635254334074535
Democrats,Google,0,0.16666666666666666,NA
Democrats,Google,1,0.4106,0.5851238894012767
Democrats,Google,2,0.0622,0.5149122294079866
Democrats,Google,3,0.0996,0.5183045620282565
Democrats,Google,4,0.0631,0.5125943165178823
Democrats,Google,5,0.1127,0.5149616961630916
Democrats,Google,6,0.0535,0.5044108549213226
Democrats,Google,7,0.0475,0.5079941419102892
Democrats,Google,8,0.0895,0.5116887428827387
Democrats,Google,9,0.0999,0.5257553349062046
Democrats,Google,10,0.0934,0.5248641492645039
Democrats,Lottery,0,0.16666666666666666,NA
Democrats,Lottery,1,0.2178,0.5548991155587344
Democrats,Lottery,2,0.5914,0.5680727199549357
Democrats,Lottery,3,0.1006,0.5210101389394024
Democrats,Lottery,4,0.0658,0.5160120475284282
Democrats,Lottery,5,0.1478,0.5213445290624202
Democrats,Lottery,6,0.2033,0.5268434426138993
Democrats,Lottery,7,0.3587,0.5417095665379008
Democrats,Lottery,8,0.5201,0.5424554574166653
Democrats,Lottery,9,0.5053,0.553345166825643
Democrats,Lottery,10,0.5533,0.5524912351613424
Republicans,Accuracy,0,0.16666666666666666,NA
Republicans,Accuracy,1,0.1518,0.4088633481204013
Republicans,Accuracy,2,0.0404,0.4060295131612649
Republicans,Accuracy,3,0.0684,0.4055034968377125
Republicans,Accuracy,4,0.0433,0.39053250478945056
Republicans,Accuracy,5,0.0181,0.3634073928429455
Republicans,Accuracy,6,0.0154,0.36326944136620287
Republicans,Accuracy,7,0.0173,0.3629943458999425
Republicans,Accuracy,8,0.0127,0.3631452496339406
Republicans,Accuracy,9,0.0184,0.3682622332940378
Republicans,Accuracy,10,0.0249,0.3675967144553412
Republicans,Control,0,0.16666666666666666,NA
Republicans,Control,1,0.0488,0.3966988234823134
Republicans,Control,2,0.0092,0.4026259870447991
Republicans,Control,3,0.0065,0.3946846603935073
Republicans,Control,4,0.0835,0.4193527583934298
Republicans,Control,5,0.183,0.41704524047546654
Republicans,Control,6,0.0605,0.40767187492009305
Republicans,Control,7,0.045,0.40543798145476323
Republicans,Control,8,0.0114,0.4024839312201185
Republicans,Control,9,0.0024,0.39497548504202623
Republicans,Control,10,0.0048,0.3949995037354771
Republicans,Direction,0,0.16666666666666666,NA
Republicans,Direction,1,0.1136,0.4115923543367689
Republicans,Direction,2,0.1838,0.4419616363334825
Republicans,Direction,3,0.0778,0.40476561256789256
Republicans,Direction,4,0.2416,0.42092883796793923
Republicans,Direction,5,0.1118,0.3924271972877797
Republicans,Direction,6,0.0253,0.3741574831547124
Republicans,Direction,7,0.0282,0.3733392703374881
Republicans,Direction,8,0.0151,0.3714669807052298
Republicans,Direction,9,0.0109,0.36756488465763903
Republicans,Direction,10,0.017,0.36743614250523315
Republicans,Extra Time,0,0.16666666666666666,NA
Republicans,Extra Time,1,0.0788,0.3701725881464618
Republicans,Extra Time,2,0.008,0.3367741408293486
Republicans,Extra Time,3,0.0152,0.3371163169229859
Republicans,Extra Time,4,0.0203,0.3369187085366358
Republicans,Extra Time,5,0.0324,0.33694124229496425
Republicans,Extra Time,6,0.026,0.3371849185681765
Republicans,Extra Time,7,0.0281,0.33682283733102647
Republicans,Extra Time,8,0.0292,0.34517234133356256
Republicans,Extra Time,9,0.0199,0.3360830093175029
Republicans,Extra Time,10,0.0305,0.33664522364869254
Republicans,Google,0,0.16666666666666666,NA
Republicans,Google,1,0.0082,0.3097813949149167
Republicans,Google,2,0.0054,0.3237583006970044
Republicans,Google,3,0.0099,0.32404180093462237
Republicans,Google,4,0.0193,0.3249783002536895
Republicans,Google,5,0.0186,0.32634003172721016
Republicans,Google,6,0.0143,0.32632410531063644
Republicans,Google,7,0.0144,0.3256355957263889
Republicans,Google,8,0.0107,0.3261528328565989
Republicans,Google,9,0.0088,0.32652680313054494
Republicans,Google,10,0.0155,0.3275504877257419
Republicans,Lottery,0,0.16666666666666666,NA
Republicans,Lottery,1,0.5988,0.4679949787679553
Republicans,Lottery,2,0.7532,0.487292677658804
Republicans,Lottery,3,0.8222,0.4670486511444401
Republicans,Lottery,4,0.592,0.4461670603344938
Republicans,Lottery,5,0.6361,0.43447768200101866
Republicans,Lottery,6,0.8585,0.44074880239011566
Republicans,Lottery,7,0.867,0.4383783387300161
Republicans,Lottery,8,0.9209,0.442399282562144
Republicans,Lottery,9,0.9396,0.44315363460061963
Republicans,Lottery,10,0.9073,0.4348482961872485
