source,simulation,algorithm,case,best_arm_value,batches,first_batch,iterations,correct,rmse_best,rmse_te,cov_best,cov_te,ses
supplement_1,out1,TS,1,0.2,10,100,10000,0.9681000000000002,0.021359957776428275,0.05738448863580026,0.9583,0.7951000000000001,0.027523046775319585
supplement_1,out1_100,TS,1,0.2,100,100,10000,0.9686999999999999,0.019840388896512868,0.05387484949081709,0.9613999999999999,0.8068000000000004,0.02599528809868392
supplement_1,out1_2,TS,1,0.2,2,100,10000,0.945,0.025106245169579076,0.05599563363859466,0.9515,0.8459999999999999,0.03167567945837126
supplement_1,out1_20,TS,1,0.2,20,100,10000,0.9673000000000002,0.02120414072219761,0.05567625652803388,0.9560000000000003,0.7993000000000001,0.026926368926538238
supplement_1,out1_4,TS,1,0.2,4,100,10000,0.9616999999999997,0.022432957373488372,0.059727809247723244,0.9553999999999996,0.7689,0.028688809138521235
supplement_1,out1_5,TS,1,0.2,5,100,10000,0.9629000000000001,0.022085812494921978,0.05981230889637718,0.9561000000000003,0.7744999999999994,0.028502370797328872
supplement_1,out1_50,TS,1,0.2,50,100,10000,0.9700999999999997,0.020412889853942677,0.05412560959682243,0.9595999999999995,0.8049,0.026372041366414457
supplement_1,out1_8,TS,1,0.2,8,100,10000,0.9653000000000002,0.02174795321064431,0.057780910039160846,0.9546000000000003,0.7851000000000001,0.02761418479649545
supplement_1,out1_b_190,TS,1,0.2,10,190,10000,0.9645,0.021176745668686388,0.058200582724855406,0.9583000000000002,0.7602,0.02702704643997231
supplement_1,out1_b_280,TS,1,0.2,10,280,10000,0.9714000000000004,0.02085773385945895,0.05915309439848503,0.9635000000000001,0.7466999999999998,0.027460986774144023
supplement_1,out1_b_370,TS,1,0.2,10,370,10000,0.9688000000000001,0.022334749646804663,0.0590747073674704,0.9580999999999996,0.755,0.028453747264118888
supplement_1,out1_b_460,TS,1,0.2,10,460,10000,0.9672,0.02298936239932198,0.05837408920090575,0.9579999999999999,0.8069999999999999,0.029665758907101995
supplement_1,out1_b_550,TS,1,0.2,10,550,10000,0.9709999999999999,0.024051064266090244,0.05477301860496111,0.9602999999999999,0.8657999999999999,0.03084606718730337
supplement_1,out1_b_640,TS,1,0.2,10,640,10000,0.9659000000000003,0.025176877023059874,0.051885907594561756,0.9540999999999997,0.9057000000000002,0.03226470197728505
supplement_1,out1_b_730,TS,1,0.2,10,730,10000,0.9607999999999999,0.02682994383732945,0.0482395297352204,0.953,0.9227,0.03370708316598828
supplement_1,out1_b_820,TS,1,0.2,10,820,10000,0.9537999999999996,0.028067740966254275,0.04458243980385626,0.9484000000000001,0.9392000000000004,0.03517456349146092
supplement_1,out1_b_910,TS,1,0.2,10,910,10000,0.9375,0.029033985634250924,0.04178327840042907,0.9448999999999997,0.9428000000000004,0.036525340021167085
supplement_1,out1_stat,Static,1,0.2,1,100,10000,0.9086000000000001,0.03057578548020312,0.037780774873673525,0.9407000000000001,0.9485000000000003,0.03793280981935358
supplement_1,out1_te,CA,1,0.2,10,100,10000,0.9560000000000004,0.023383631762402372,0.029322663588223167,0.9566000000000001,0.9516000000000003,0.037224172188919324
supplement_1,out1_te_100,CA,1,0.2,100,100,10000,0.9573,0.02418889461864462,0.030021629255510097,0.9568000000000001,0.9525999999999999,0.03812904453803546
supplement_1,out1_te_2,CA,1,0.2,2,100,10000,0.9388999999999998,0.02499422557709994,0.034060794653119834,0.9479,0.9447000000000001,0.04239934048265138
supplement_1,out1_te_20,CA,1,0.2,20,100,10000,0.9601999999999998,0.02306561208639623,0.028932800172404054,0.9616,0.9543000000000001,0.03687389685571116
supplement_1,out1_te_4,CA,1,0.2,4,100,10000,0.9488999999999999,0.023931955380360852,0.030663220897146185,0.9538,0.9518999999999999,0.038917118419767194
supplement_1,out1_te_5,CA,1,0.2,5,100,10000,0.9545,0.023801410019498356,0.030484948220495002,0.9549999999999998,0.9491999999999999,0.038380687979665984
supplement_1,out1_te_50,CA,1,0.2,50,100,10000,0.9577,0.023286930384571258,0.02892752429632866,0.9623999999999999,0.9563999999999999,0.03711113443176322
supplement_1,out1_te_8,CA,1,0.2,8,100,10000,0.9547999999999999,0.023363732014385793,0.02962851631451563,0.9560000000000004,0.9520000000000001,0.037577050427586745
supplement_1,out1_te_b_190,CA,1,0.2,10,190,10000,0.9573,0.023238511533261754,0.029137421133587003,0.9551000000000001,0.9514000000000001,0.03687758042590276
supplement_1,out1_te_b_280,CA,1,0.2,10,280,10000,0.9550000000000001,0.023109866311031072,0.029255716164654184,0.9586,0.9518999999999999,0.03728136381261882
supplement_1,out1_te_b_370,CA,1,0.2,10,370,10000,0.9564999999999999,0.023533833278483948,0.02978637568017359,0.9591,0.9549000000000001,0.038032990957528295
supplement_1,out1_te_b_460,CA,1,0.2,10,460,10000,0.9587999999999999,0.024128428149613117,0.030474821441609724,0.9609000000000002,0.9591,0.03917928659202365
supplement_1,out1_te_b_550,CA,1,0.2,10,550,10000,0.9593999999999998,0.025077866732173354,0.03190875409226669,0.9599,0.9528000000000001,0.04035327215901341
supplement_1,out1_te_b_640,CA,1,0.2,10,640,10000,0.9513000000000001,0.026525878072552453,0.03295464258908947,0.9525999999999998,0.9552000000000002,0.04190812250359319
supplement_1,out1_te_b_730,CA,1,0.2,10,730,10000,0.9482000000000002,0.027235927975606058,0.03445321923174877,0.9541,0.9535999999999994,0.04330563075454269
supplement_1,out1_te_b_820,CA,1,0.2,10,820,10000,0.9406000000000001,0.028627835233128625,0.035750181254356146,0.9464999999999999,0.9469000000000001,0.04485347177636802
supplement_1,out1_te_b_910,CA,1,0.2,10,910,10000,0.9242,0.029672436954231992,0.03682010001782305,0.9441,0.9489,0.046237672742716285
supplement_1,out2,TS,2,0.11,10,100,10000,0.19329999999999972,0.03349211329438671,0.04950631904668689,0.88,0.8509000000000004,0.037798296630202156
supplement_1,out2_100,TS,2,0.11,100,100,10000,0.1902999999999996,0.030775192416520946,0.04456213701182269,0.8945999999999998,0.8656999999999998,0.036397240919528756
supplement_1,out2_2,TS,2,0.11,2,100,10000,0.17700000000000035,0.03564223341208369,0.054230022165397185,0.8193000000000003,0.8016999999999999,0.03592900890442664
supplement_1,out2_20,TS,2,0.11,20,100,10000,0.18589999999999984,0.03221009203913226,0.04745721454084872,0.8896000000000001,0.8604999999999998,0.037527561153328684
supplement_1,out2_4,TS,2,0.11,4,100,10000,0.18259999999999943,0.03625422466495082,0.05475768900710324,0.8621999999999994,0.8287999999999995,0.03858802191169254
supplement_1,out2_5,TS,2,0.11,5,100,10000,0.18100000000000016,0.035891953929068576,0.054144187568528276,0.8723000000000002,0.8379999999999993,0.03875255779372514
supplement_1,out2_50,TS,2,0.11,50,100,10000,0.18770000000000026,0.030997937401769978,0.045422936277385924,0.89400000000000035,0.8625999999999998,0.036895898064455854
supplement_1,out2_8,TS,2,0.11,8,100,10000,0.1936,0.033925892114529885,0.05029847638075825,0.8837999999999998,0.8501999999999996,0.038733440605675004
supplement_1,out2_b_190,TS,2,0.11,10,190,10000,0.1995999999999998,0.03315214300596828,0.0502174025987795,0.8811,0.8344999999999999,0.03708386029635011
supplement_1,out2_b_280,TS,2,0.11,10,280,10000,0.18850000000000006,0.032692881840433584,0.04904923040460103,0.8726000000000005,0.8336999999999998,0.03598978922618342
supplement_1,out2_b_370,TS,2,0.11,10,370,10000,0.1882000000000007,0.03249260514524101,0.049036895276235955,0.8649000000000003,0.8188000000000003,0.03517257823938278
supplement_1,out2_b_460,TS,2,0.11,10,460,10000,0.18639999999999984,0.03187647138506073,0.04757644711124904,0.8579999999999997,0.8286999999999998,0.03465246084436253
supplement_1,out2_b_550,TS,2,0.11,10,550,10000,0.18529999999999983,0.03106226198938815,0.04649765525715332,0.8478000000000002,0.8273999999999996,0.03386584890706725
supplement_1,out2_b_640,TS,2,0.11,10,640,10000,0.18759999999999966,0.03044058717867485,0.044608150815332155,0.8374000000000005,0.8520999999999999,0.03292746085469768
supplement_1,out2_b_730,TS,2,0.11,10,730,10000,0.18419999999999986,0.028541128117860123,0.04278597138006496,0.8616000000000001,0.8752000000000003,0.03264902282866637
supplement_1,out2_b_820,TS,2,0.11,10,820,10000,0.18790000000000015,0.027642368739649918,0.03998028255393086,0.8762999999999999,0.8979000000000001,0.031548666465517766
supplement_1,out2_b_910,TS,2,0.11,10,910,10000,0.18490000000000054,0.026020346380524768,0.036961525871883144,0.9112999999999997,0.9261000000000001,0.030736080624107917
supplement_1,out2_stat,Static,2,0.11,1,100,10000,0.17979999999999982,0.02392054854705499,0.033369113238141394,0.9345000000000001,0.9473000000000001,0.029538737906906292
supplement_1,out2_te,CA,2,0.11,10,100,10000,0.17400000000000018,0.034299514826319,0.04076995020301906,0.8793,0.8863000000000002,0.04808668312056084
supplement_1,out2_te_100,CA,2,0.11,100,100,10000,0.17779999999999985,0.03350251157682866,0.039786656401964104,0.884899999999999,0.8919000000000002,0.047471125978254355
supplement_1,out2_te_2,CA,2,0.11,2,100,10000,0.15870000000000029,0.03631414207643659,0.043457529448048926,0.8204999999999999,0.8675999999999993,0.04721622720454431
supplement_1,out2_te_20,CA,2,0.11,20,100,10000,0.1737,0.03399100946478446,0.04004800979659371,0.8809999999999998,0.8851000000000002,0.04721403629915169
supplement_1,out2_te_4,CA,2,0.11,4,100,10000,0.16469999999999924,0.036720814263161435,0.043337877383760604,0.8571000000000008,0.868199999999999,0.048797975208431106
supplement_1,out2_te_5,CA,2,0.11,5,100,10000,0.1760000000000005,0.036352987551443984,0.04276856189717364,0.8667000000000001,0.8789000000000001,0.0491489664050873
supplement_1,out2_te_50,CA,2,0.11,50,100,10000,0.17990000000000006,0.03328790842092972,0.03975095430980657,0.8854999999999996,0.8903000000000001,0.04722935267407227
supplement_1,out2_te_8,CA,2,0.11,8,100,10000,0.1750999999999998,0.03473808548332195,0.04079169984022063,0.8782000000000003,0.8869999999999997,0.04846826011926816
supplement_1,out2_te_b_190,CA,2,0.11,10,190,10000,0.17250000000000018,0.03521107272880928,0.041051823693450964,0.8695000000000006,0.8769000000000007,0.04759917274368292
supplement_1,out2_te_b_280,CA,2,0.11,10,280,10000,0.17199999999999996,0.034532430339263814,0.04076522732538092,0.8600000000000002,0.8654999999999995,0.046273028649774006
supplement_1,out2_te_b_370,CA,2,0.11,10,370,10000,0.17580000000000034,0.03437431837263195,0.04081968757764411,0.8535999999999999,0.8654999999999998,0.04576162648421124
supplement_1,out2_te_b_460,CA,2,0.11,10,460,10000,0.17769999999999975,0.033705200198278856,0.04014153354187955,0.8401000000000003,0.8616000000000006,0.044892810518604935
supplement_1,out2_te_b_550,CA,2,0.11,10,550,10000,0.1757000000000001,0.032796717511393285,0.03969354856673202,0.8291999999999999,0.8774,0.04433790766261848
supplement_1,out2_te_b_640,CA,2,0.11,10,640,10000,0.17639999999999997,0.03151559924180613,0.03856229636738842,0.8354000000000001,0.8925999999999996,0.0435749018258191
supplement_1,out2_te_b_730,CA,2,0.11,10,730,10000,0.18089999999999992,0.030748303258384832,0.03810218836665447,0.8463000000000003,0.9072000000000003,0.043118967274694116
supplement_1,out2_te_b_820,CA,2,0.11,10,820,10000,0.17080000000000017,0.029293964035956722,0.03672257785699302,0.8788000000000009,0.9220999999999998,0.04299749697381634
supplement_1,out2_te_b_910,CA,2,0.11,10,910,10000,0.1856999999999998,0.026743167839097588,0.03510633015095883,0.9138000000000002,0.9392000000000001,0.04208442738274259
supplement_1,out3,TS,3,0.2,10,100,10000,0.7146999999999999,0.024745143646377022,0.060809803416889414,0.9554999999999998,0.7958000000000001,0.03217113450879904
supplement_1,out3_100,TS,3,0.2,100,100,10000,0.7041000000000002,0.02348100640594791,0.05774640842370723,0.9578,0.7993000000000002,0.03092249651352307
supplement_1,out3_2,TS,3,0.2,2,100,10000,0.6761999999999998,0.02725944805339062,0.05974295833994625,0.9456000000000001,0.8464000000000004,0.033828186238392906
supplement_1,out3_20,TS,3,0.2,20,100,10000,0.7082999999999998,0.024751578824355736,0.05946211742135396,0.9556999999999999,0.7956999999999999,0.03180455678514169
supplement_1,out3_4,TS,3,0.2,4,100,10000,0.6964000000000005,0.026116997322110896,0.06550314728560634,0.9502999999999998,0.7592000000000001,0.03264685736168515
supplement_1,out3_5,TS,3,0.2,5,100,10000,0.6987000000000001,0.025956476233773975,0.06466916820679061,0.9478999999999999,0.7595999999999999,0.03252947098785519
supplement_1,out3_50,TS,3,0.2,50,100,10000,0.7101999999999997,0.0241067353789452,0.058003197508366154,0.9546000000000002,0.8030999999999996,0.031222714759999683
supplement_1,out3_8,TS,3,0.2,8,100,10000,0.7000000000000003,0.025749223229237478,0.06193627430121042,0.9521000000000002,0.7827000000000002,0.03241428745281379
supplement_1,out3_b_190,TS,3,0.2,10,190,10000,0.7099999999999996,0.024278097350708787,0.0627497388580178,0.9553000000000001,0.7629000000000001,0.031307989694155
supplement_1,out3_b_280,TS,3,0.2,10,280,10000,0.7020000000000004,0.024269112005549556,0.0639811833678387,0.9528000000000001,0.7456000000000004,0.031336970401200405
supplement_1,out3_b_370,TS,3,0.2,10,370,10000,0.7061000000000006,0.02450762004290732,0.06385993488002237,0.9558,0.7614,0.0316473911892283
supplement_1,out3_b_460,TS,3,0.2,10,460,10000,0.6903999999999998,0.025275199353325378,0.06199624395853929,0.9524999999999997,0.8165000000000001,0.03252659801365466
supplement_1,out3_b_550,TS,3,0.2,10,550,10000,0.6932999999999996,0.025916559811685357,0.057806204437296546,0.9530000000000001,0.8744,0.03324083035468122
supplement_1,out3_b_640,TS,3,0.2,10,640,10000,0.6796999999999997,0.026808360054429093,0.05382654068213988,0.9531999999999999,0.9087000000000002,0.034007375581850595
supplement_1,out3_b_730,TS,3,0.2,10,730,10000,0.6770000000000003,0.027207422495464133,0.049594426011964926,0.9532,0.9296999999999997,0.03494241522768794
supplement_1,out3_b_820,TS,3,0.2,10,820,10000,0.6677,0.02846417417593618,0.04490287665947621,0.9458000000000001,0.9369999999999999,0.035900683833729526
supplement_1,out3_b_910,TS,3,0.2,10,910,10000,0.6607999999999998,0.029362492737111105,0.040820923319097306,0.9499000000000002,0.9462000000000003,0.037017007853019236
supplement_1,out3_stat,Static,3,0.2,1,100,10000,0.6348999999999994,0.03072629985587587,0.03836693596694698,0.9400000000000003,0.9447999999999999,0.037965906955757384
supplement_1,out3_te,CA,3,0.2,10,100,10000,0.6829,0.028659484473113818,0.034524767350944875,0.9463999999999999,0.9370999999999997,0.04295644187043918
supplement_1,out3_te_100,CA,3,0.2,100,100,10000,0.6699999999999994,0.030906724022217228,0.036362568003518295,0.9407000000000003,0.936,0.044488825177595635
supplement_1,out3_te_2,CA,3,0.2,2,100,10000,0.6644999999999998,0.02739178332191496,0.03583395340174714,0.9434999999999998,0.9418999999999996,0.04448099222230122
supplement_1,out3_te_20,CA,3,0.2,20,100,10000,0.6759000000000006,0.028967521730747806,0.03432620908736164,0.9425000000000001,0.9382999999999996,0.04291774803552691
supplement_1,out3_te_4,CA,3,0.2,4,100,10000,0.6729000000000008,0.028799550910034794,0.03556684497359617,0.9433999999999997,0.9367999999999993,0.0433405239729703
supplement_1,out3_te_5,CA,3,0.2,5,100,10000,0.6847000000000004,0.02861720026485443,0.035039978852236225,0.9421000000000002,0.9319,0.0429532629527897
supplement_1,out3_te_50,CA,3,0.2,50,100,10000,0.6794999999999998,0.028792790324152672,0.03412541594742268,0.9459,0.9406000000000001,0.043201285604369685
supplement_1,out3_te_8,CA,3,0.2,8,100,10000,0.6818000000000001,0.029140226092112115,0.034780374827203066,0.9429000000000001,0.9376000000000002,0.04300669153745543
supplement_1,out3_te_b_190,CA,3,0.2,10,190,10000,0.6778999999999994,0.0282739350863822,0.034040260276238195,0.9433,0.9345000000000001,0.04215208228570634
supplement_1,out3_te_b_280,CA,3,0.2,10,280,10000,0.6847000000000003,0.027475674139638504,0.03378196745946957,0.9491999999999998,0.9384,0.041908456736633216
supplement_1,out3_te_b_370,CA,3,0.2,10,370,10000,0.6772999999999998,0.02727555527716762,0.03335184397552918,0.9491000000000002,0.9459,0.042313236264528424
supplement_1,out3_te_b_460,CA,3,0.2,10,460,10000,0.6839,0.02720581727654379,0.03394875876660986,0.9487999999999999,0.9438000000000003,0.04265274344060471
supplement_1,out3_te_b_550,CA,3,0.2,10,550,10000,0.6638000000000003,0.02748296760272334,0.03426405387581234,0.9471999999999997,0.941,0.043241035470285835
supplement_1,out3_te_b_640,CA,3,0.2,10,640,10000,0.6649000000000004,0.028053107897421492,0.035134394077005256,0.9444000000000001,0.9418999999999996,0.044148487995837635
supplement_1,out3_te_b_730,CA,3,0.2,10,730,10000,0.6659999999999998,0.02878095982173415,0.035635659735473994,0.9433999999999997,0.9441999999999999,0.04500322125834696
supplement_1,out3_te_b_820,CA,3,0.2,10,820,10000,0.6461999999999998,0.02974061741770621,0.03694990284820643,0.9387,0.9446,0.04585613366512052
supplement_1,out3_te_b_910,CA,3,0.2,10,910,10000,0.6523999999999999,0.03015018951963628,0.037217933049241946,0.9400999999999999,0.9482,0.046902224272194454
supplement_2,out_10,TS,NA,0.1,10,100,10000,0.11339999999999983,0.034558636927033974,0.05027242135465109,0.8674,0.8482000000000003,0.03864797809822093
supplement_2,out_12,TS,NA,0.12,10,100,10000,0.28850000000000053,0.031131611333345997,0.04828012352734111,0.9111999999999995,0.8668999999999998,0.037454334223852456
supplement_2,out_13,TS,NA,0.13,10,100,10000,0.4144999999999999,0.029697186373009544,0.0483857054297345,0.9233,0.8594999999999999,0.0362503582588695
supplement_2,out_14,TS,NA,0.14,10,100,10000,0.5343999999999998,0.028403831771236804,0.04909555058622214,0.9335999999999999,0.8558999999999999,0.0349549203648475
supplement_2,out_15,TS,NA,0.15,10,100,10000,0.6645999999999999,0.026344605836071774,0.04865358732634001,0.9447999999999996,0.8554000000000002,0.03329366270484214
supplement_2,out_16,TS,NA,0.16,10,100,10000,0.7793000000000002,0.025557625523653628,0.049258728525864943,0.9452000000000002,0.8417000000000003,0.03190803787898993
supplement_2,out_17,TS,NA,0.17,10,100,10000,0.8482000000000004,0.024283976442423964,0.051115965532952716,0.9520000000000001,0.8331999999999997,0.03080733899606729
supplement_2,out_18,TS,NA,0.18,10,100,10000,0.9045000000000002,0.02315966553409122,0.05253382299427079,0.9535999999999999,0.8238000000000005,0.029365266941731322
supplement_2,out_19,TS,NA,0.19,10,100,10000,0.9463999999999999,0.02207315303750493,0.05456896112806259,0.9595999999999999,0.8066000000000003,0.028481438837811967
supplement_2,out_stat_10,Static,NA,0.1,10,100,10000,0.11780000000000038,0.022544110139708563,0.031722567900412314,0.9356999999999996,0.9520000000000001,0.028372206931545227
supplement_2,out_stat_12,Static,NA,0.12,10,100,10000,0.26550000000000024,0.025005276933670616,0.03382603474807872,0.9289,0.9445000000000001,0.03066147881909107
supplement_2,out_stat_13,Static,NA,0.13,10,100,10000,0.3633000000000005,0.025539569419207476,0.03433719678556505,0.9356999999999998,0.9479000000000001,0.03181454813534278
supplement_2,out_stat_14,Static,NA,0.14,10,100,10000,0.4710000000000005,0.02627597731662403,0.03488544905548268,0.9378000000000002,0.9487999999999999,0.03283563554634958
supplement_2,out_stat_15,Static,NA,0.15,10,100,10000,0.5749000000000003,0.02737130694350647,0.035385673966644673,0.9367000000000002,0.9461000000000002,0.033867128882945484
supplement_2,out_stat_16,Static,NA,0.16,10,100,10000,0.6664000000000002,0.027901748002248955,0.03604820818503658,0.9442000000000003,0.9525,0.0347061133529043
supplement_2,out_stat_17,Static,NA,0.17,10,100,10000,0.7495999999999997,0.02830176411292225,0.03662703842352665,0.9467000000000001,0.9497,0.03560672963191301
supplement_2,out_stat_18,Static,NA,0.18,10,100,10000,0.8259999999999997,0.029182059252986628,0.03685934111206263,0.9434999999999998,0.9505000000000001,0.03650938909843867
supplement_2,out_stat_19,Static,NA,0.19,10,100,10000,0.8699000000000001,0.03013335945126487,0.03774880811989993,0.9393000000000004,0.9477999999999999,0.03722728967734371
supplement_2,out_te_10,CA,NA,0.1,10,100,10000,0.10580000000000006,0.03704757088521536,0.0428543114495956,0.8427999999999997,0.8541,0.04853426505399159
supplement_2,out_te_12,CA,NA,0.12,10,100,10000,0.2746999999999989,0.03328997529473111,0.03958488569454596,0.8973999999999999,0.9001999999999997,0.047144000827301705
supplement_2,out_te_13,CA,NA,0.13,10,100,10000,0.37490000000000157,0.03183577516076274,0.038265535073490724,0.9101000000000001,0.9065,0.045902435674466134
supplement_2,out_te_14,CA,NA,0.14,10,100,10000,0.5019000000000007,0.02967455155497818,0.03659840524547572,0.9291,0.9208000000000001,0.044748545328790766
supplement_2,out_te_15,CA,NA,0.15,10,100,10000,0.6357000000000002,0.02797271859841051,0.03459286246994437,0.9396999999999999,0.9357999999999999,0.043224794107158515
supplement_2,out_te_16,CA,NA,0.16,10,100,10000,0.7276000000000002,0.026885028718501788,0.033434837801830444,0.9439000000000003,0.9422999999999999,0.04183585163662291
supplement_2,out_te_17,CA,NA,0.17,10,100,10000,0.8197999999999998,0.026132439303969083,0.032607249212485014,0.9473999999999999,0.9431,0.040507374036287735
supplement_2,out_te_18,CA,NA,0.18,10,100,10000,0.8769000000000003,0.02545335034407884,0.031766450373527814,0.9491000000000002,0.9433,0.039533883865803705
supplement_2,out_te_19,CA,NA,0.19,10,100,10000,0.9230999999999999,0.024250525227507497,0.03020959013593649,0.9555000000000001,0.9490000000000001,0.038295803739717284
