table_figure,algorithm,case,batches,best_arm_value,first_batch,statistic,value_paper
table_1,TS,1,NA,NA,NA,correct,0.968
table_1,TS,1,NA,NA,NA,rmse_best,0.021
table_1,TS,1,NA,NA,NA,cov_best,0.958
table_1,TS,2,NA,NA,NA,correct,0.193
table_1,TS,2,NA,NA,NA,rmse_best,0.033
table_1,TS,2,NA,NA,NA,cov_best,0.880
table_1,TS,3,NA,NA,NA,correct,0.715
table_1,TS,3,NA,NA,NA,rmse_best,0.025
table_1,TS,3,NA,NA,NA,cov_best,0.956
table_1,Static,1,NA,NA,NA,correct,0.909
table_1,Static,1,NA,NA,NA,rmse_best,0.031
table_1,Static,1,NA,NA,NA,rmse_te,0.038
table_1,Static,1,NA,NA,NA,cov_best,0.941
table_1,Static,1,NA,NA,NA,cov_te,0.949
table_1,Static,2,NA,NA,NA,correct,0.180
table_1,Static,2,NA,NA,NA,rmse_best,0.024
table_1,Static,2,NA,NA,NA,rmse_te,0.033
table_1,Static,2,NA,NA,NA,cov_best,0.935
table_1,Static,2,NA,NA,NA,cov_te,0.947
table_1,Static,3,NA,NA,NA,correct,0.635
table_1,Static,3,NA,NA,NA,rmse_best,0.031
table_1,Static,3,NA,NA,NA,rmse_te,0.038
table_1,Static,3,NA,NA,NA,cov_best,0.940
table_1,Static,3,NA,NA,NA,cov_te,0.945
table_1,CA,1,NA,NA,NA,correct,0.956
table_1,CA,1,NA,NA,NA,rmse_best,0.023
table_1,CA,1,NA,NA,NA,rmse_te,0.029
table_1,CA,1,NA,NA,NA,cov_best,0.957
table_1,CA,1,NA,NA,NA,cov_te,0.952
table_1,CA,2,NA,NA,NA,correct,0.174
table_1,CA,2,NA,NA,NA,rmse_best,0.034
table_1,CA,2,NA,NA,NA,rmse_te,0.041
table_1,CA,2,NA,NA,NA,cov_best,0.879
table_1,CA,2,NA,NA,NA,cov_te,0.886
table_1,CA,3,NA,NA,NA,correct,0.683
table_1,CA,3,NA,NA,NA,rmse_best,0.029
table_1,CA,3,NA,NA,NA,rmse_te,0.035
table_1,CA,3,NA,NA,NA,cov_best,0.946
table_1,CA,3,NA,NA,NA,cov_te,0.937
table_d2,TS,1,1,NA,NA,correct,0.909
table_d2,TS,1,1,NA,NA,rmse_best,0.031
table_d2,TS,1,1,NA,NA,rmse_te,0.038
table_d2,TS,1,1,NA,NA,cov_best,0.941
table_d2,TS,1,1,NA,NA,cov_te,0.949
table_d2,TS,1,2,NA,NA,correct,0.945
table_d2,TS,1,2,NA,NA,rmse_best,0.025
table_d2,TS,1,2,NA,NA,rmse_te,0.056
table_d2,TS,1,2,NA,NA,cov_best,0.952
table_d2,TS,1,2,NA,NA,cov_te,0.846
table_d2,TS,1,4,NA,NA,correct,0.962
table_d2,TS,1,4,NA,NA,rmse_best,0.022
table_d2,TS,1,4,NA,NA,rmse_te,0.060
table_d2,TS,1,4,NA,NA,cov_best,0.955
table_d2,TS,1,4,NA,NA,cov_te,0.769
table_d2,TS,1,5,NA,NA,correct,0.963
table_d2,TS,1,5,NA,NA,rmse_best,0.022
table_d2,TS,1,5,NA,NA,rmse_te,0.060
table_d2,TS,1,5,NA,NA,cov_best,0.956
table_d2,TS,1,5,NA,NA,cov_te,0.775
table_d2,TS,1,8,NA,NA,correct,0.965
table_d2,TS,1,8,NA,NA,rmse_best,0.022
table_d2,TS,1,8,NA,NA,rmse_te,0.058
table_d2,TS,1,8,NA,NA,cov_best,0.955
table_d2,TS,1,8,NA,NA,cov_te,0.785
table_d2,TS,1,10,NA,NA,correct,0.968
table_d2,TS,1,10,NA,NA,rmse_best,0.021
table_d2,TS,1,10,NA,NA,rmse_te,0.057
table_d2,TS,1,10,NA,NA,cov_best,0.958
table_d2,TS,1,10,NA,NA,cov_te,0.795
table_d2,TS,1,20,NA,NA,correct,0.967
table_d2,TS,1,20,NA,NA,rmse_best,0.021
table_d2,TS,1,20,NA,NA,rmse_te,0.056
table_d2,TS,1,20,NA,NA,cov_best,0.956
table_d2,TS,1,20,NA,NA,cov_te,0.799
table_d2,TS,1,50,NA,NA,correct,0.970
table_d2,TS,1,50,NA,NA,rmse_best,0.020
table_d2,TS,1,50,NA,NA,rmse_te,0.054
table_d2,TS,1,50,NA,NA,cov_best,0.960
table_d2,TS,1,50,NA,NA,cov_te,0.805
table_d2,TS,1,100,NA,NA,correct,0.969
table_d2,TS,1,100,NA,NA,rmse_best,0.020
table_d2,TS,1,100,NA,NA,rmse_te,0.054
table_d2,TS,1,100,NA,NA,cov_best,0.961
table_d2,TS,1,100,NA,NA,cov_te,0.807
table_d2,TS,2,1,NA,NA,correct,0.180
table_d2,TS,2,1,NA,NA,rmse_best,0.024
table_d2,TS,2,1,NA,NA,rmse_te,0.033
table_d2,TS,2,1,NA,NA,cov_best,0.935
table_d2,TS,2,1,NA,NA,cov_te,0.947
table_d2,TS,2,2,NA,NA,correct,0.177
table_d2,TS,2,2,NA,NA,rmse_best,0.036
table_d2,TS,2,2,NA,NA,rmse_te,0.054
table_d2,TS,2,2,NA,NA,cov_best,0.819
table_d2,TS,2,2,NA,NA,cov_te,0.802
table_d2,TS,2,4,NA,NA,correct,0.183
table_d2,TS,2,4,NA,NA,rmse_best,0.036
table_d2,TS,2,4,NA,NA,rmse_te,0.055
table_d2,TS,2,4,NA,NA,cov_best,0.862
table_d2,TS,2,4,NA,NA,cov_te,0.829
table_d2,TS,2,5,NA,NA,correct,0.181
table_d2,TS,2,5,NA,NA,rmse_best,0.036
table_d2,TS,2,5,NA,NA,rmse_te,0.054
table_d2,TS,2,5,NA,NA,cov_best,0.872
table_d2,TS,2,5,NA,NA,cov_te,0.838
table_d2,TS,2,8,NA,NA,correct,0.194
table_d2,TS,2,8,NA,NA,rmse_best,0.034
table_d2,TS,2,8,NA,NA,rmse_te,0.050
table_d2,TS,2,8,NA,NA,cov_best,0.884
table_d2,TS,2,8,NA,NA,cov_te,0.850
table_d2,TS,2,10,NA,NA,correct,0.193
table_d2,TS,2,10,NA,NA,rmse_best,0.033
table_d2,TS,2,10,NA,NA,rmse_te,0.050
table_d2,TS,2,10,NA,NA,cov_best,0.880
table_d2,TS,2,10,NA,NA,cov_te,0.851
table_d2,TS,2,20,NA,NA,correct,0.186
table_d2,TS,2,20,NA,NA,rmse_best,0.032
table_d2,TS,2,20,NA,NA,rmse_te,0.047
table_d2,TS,2,20,NA,NA,cov_best,0.890
table_d2,TS,2,20,NA,NA,cov_te,0.861
table_d2,TS,2,50,NA,NA,correct,0.188
table_d2,TS,2,50,NA,NA,rmse_best,0.031
table_d2,TS,2,50,NA,NA,rmse_te,0.045
table_d2,TS,2,50,NA,NA,cov_best,0.894
table_d2,TS,2,50,NA,NA,cov_te,0.863
table_d2,TS,2,100,NA,NA,correct,0.190
table_d2,TS,2,100,NA,NA,rmse_best,0.031
table_d2,TS,2,100,NA,NA,rmse_te,0.045
table_d2,TS,2,100,NA,NA,cov_best,0.895
table_d2,TS,2,100,NA,NA,cov_te,0.866
table_d2,TS,3,1,NA,NA,correct,0.635
table_d2,TS,3,1,NA,NA,rmse_best,0.031
table_d2,TS,3,1,NA,NA,rmse_te,0.038
table_d2,TS,3,1,NA,NA,cov_best,0.940
table_d2,TS,3,1,NA,NA,cov_te,0.945
table_d2,TS,3,2,NA,NA,correct,0.676
table_d2,TS,3,2,NA,NA,rmse_best,0.027
table_d2,TS,3,2,NA,NA,rmse_te,0.060
table_d2,TS,3,2,NA,NA,cov_best,0.946
table_d2,TS,3,2,NA,NA,cov_te,0.846
table_d2,TS,3,4,NA,NA,correct,0.696
table_d2,TS,3,4,NA,NA,rmse_best,0.026
table_d2,TS,3,4,NA,NA,rmse_te,0.066
table_d2,TS,3,4,NA,NA,cov_best,0.950
table_d2,TS,3,4,NA,NA,cov_te,0.759
table_d2,TS,3,5,NA,NA,correct,0.699
table_d2,TS,3,5,NA,NA,rmse_best,0.026
table_d2,TS,3,5,NA,NA,rmse_te,0.065
table_d2,TS,3,5,NA,NA,cov_best,0.948
table_d2,TS,3,5,NA,NA,cov_te,0.760
table_d2,TS,3,8,NA,NA,correct,0.700
table_d2,TS,3,8,NA,NA,rmse_best,0.026
table_d2,TS,3,8,NA,NA,rmse_te,0.062
table_d2,TS,3,8,NA,NA,cov_best,0.952
table_d2,TS,3,8,NA,NA,cov_te,0.783
table_d2,TS,3,10,NA,NA,correct,0.715
table_d2,TS,3,10,NA,NA,rmse_best,0.025
table_d2,TS,3,10,NA,NA,rmse_te,0.061
table_d2,TS,3,10,NA,NA,cov_best,0.956
table_d2,TS,3,10,NA,NA,cov_te,0.796
table_d2,TS,3,20,NA,NA,correct,0.708
table_d2,TS,3,20,NA,NA,rmse_best,0.025
table_d2,TS,3,20,NA,NA,rmse_te,0.059
table_d2,TS,3,20,NA,NA,cov_best,0.956
table_d2,TS,3,20,NA,NA,cov_te,0.796
table_d2,TS,3,50,NA,NA,correct,0.710
table_d2,TS,3,50,NA,NA,rmse_best,0.024
table_d2,TS,3,50,NA,NA,rmse_te,0.058
table_d2,TS,3,50,NA,NA,cov_best,0.955
table_d2,TS,3,50,NA,NA,cov_te,0.803
table_d2,TS,3,100,NA,NA,correct,0.704
table_d2,TS,3,100,NA,NA,rmse_best,0.023
table_d2,TS,3,100,NA,NA,rmse_te,0.058
table_d2,TS,3,100,NA,NA,cov_best,0.958
table_d2,TS,3,100,NA,NA,cov_te,0.799
table_d2,CA,1,2,NA,NA,correct,0.939
table_d2,CA,1,2,NA,NA,rmse_best,0.025
table_d2,CA,1,2,NA,NA,rmse_te,0.034
table_d2,CA,1,2,NA,NA,cov_best,0.948
table_d2,CA,1,2,NA,NA,cov_te,0.945
table_d2,CA,1,4,NA,NA,correct,0.949
table_d2,CA,1,4,NA,NA,rmse_best,0.024
table_d2,CA,1,4,NA,NA,rmse_te,0.031
table_d2,CA,1,4,NA,NA,cov_best,0.954
table_d2,CA,1,4,NA,NA,cov_te,0.952
table_d2,CA,1,5,NA,NA,correct,0.955
table_d2,CA,1,5,NA,NA,rmse_best,0.024
table_d2,CA,1,5,NA,NA,rmse_te,0.030
table_d2,CA,1,5,NA,NA,cov_best,0.955
table_d2,CA,1,5,NA,NA,cov_te,0.949
table_d2,CA,1,8,NA,NA,correct,0.955
table_d2,CA,1,8,NA,NA,rmse_best,0.023
table_d2,CA,1,8,NA,NA,rmse_te,0.030
table_d2,CA,1,8,NA,NA,cov_best,0.956
table_d2,CA,1,8,NA,NA,cov_te,0.952
table_d2,CA,1,10,NA,NA,correct,0.956
table_d2,CA,1,10,NA,NA,rmse_best,0.023
table_d2,CA,1,10,NA,NA,rmse_te,0.029
table_d2,CA,1,10,NA,NA,cov_best,0.957
table_d2,CA,1,10,NA,NA,cov_te,0.952
table_d2,CA,1,20,NA,NA,correct,0.960
table_d2,CA,1,20,NA,NA,rmse_best,0.023
table_d2,CA,1,20,NA,NA,rmse_te,0.029
table_d2,CA,1,20,NA,NA,cov_best,0.962
table_d2,CA,1,20,NA,NA,cov_te,0.954
table_d2,CA,1,50,NA,NA,correct,0.958
table_d2,CA,1,50,NA,NA,rmse_best,0.023
table_d2,CA,1,50,NA,NA,rmse_te,0.029
table_d2,CA,1,50,NA,NA,cov_best,0.962
table_d2,CA,1,50,NA,NA,cov_te,0.956
table_d2,CA,1,100,NA,NA,correct,0.957
table_d2,CA,1,100,NA,NA,rmse_best,0.024
table_d2,CA,1,100,NA,NA,rmse_te,0.030
table_d2,CA,1,100,NA,NA,cov_best,0.957
table_d2,CA,1,100,NA,NA,cov_te,0.953
table_d2,CA,2,2,NA,NA,correct,0.159
table_d2,CA,2,2,NA,NA,rmse_best,0.036
table_d2,CA,2,2,NA,NA,rmse_te,0.043
table_d2,CA,2,2,NA,NA,cov_best,0.821
table_d2,CA,2,2,NA,NA,cov_te,0.868
table_d2,CA,2,4,NA,NA,correct,0.165
table_d2,CA,2,4,NA,NA,rmse_best,0.037
table_d2,CA,2,4,NA,NA,rmse_te,0.043
table_d2,CA,2,4,NA,NA,cov_best,0.857
table_d2,CA,2,4,NA,NA,cov_te,0.868
table_d2,CA,2,5,NA,NA,correct,0.176
table_d2,CA,2,5,NA,NA,rmse_best,0.036
table_d2,CA,2,5,NA,NA,rmse_te,0.043
table_d2,CA,2,5,NA,NA,cov_best,0.867
table_d2,CA,2,5,NA,NA,cov_te,0.879
table_d2,CA,2,8,NA,NA,correct,0.175
table_d2,CA,2,8,NA,NA,rmse_best,0.035
table_d2,CA,2,8,NA,NA,rmse_te,0.041
table_d2,CA,2,8,NA,NA,cov_best,0.878
table_d2,CA,2,8,NA,NA,cov_te,0.887
table_d2,CA,2,10,NA,NA,correct,0.174
table_d2,CA,2,10,NA,NA,rmse_best,0.034
table_d2,CA,2,10,NA,NA,rmse_te,0.041
table_d2,CA,2,10,NA,NA,cov_best,0.879
table_d2,CA,2,10,NA,NA,cov_te,0.886
table_d2,CA,2,20,NA,NA,correct,0.174
table_d2,CA,2,20,NA,NA,rmse_best,0.034
table_d2,CA,2,20,NA,NA,rmse_te,0.040
table_d2,CA,2,20,NA,NA,cov_best,0.881
table_d2,CA,2,20,NA,NA,cov_te,0.885
table_d2,CA,2,50,NA,NA,correct,0.180
table_d2,CA,2,50,NA,NA,rmse_best,0.033
table_d2,CA,2,50,NA,NA,rmse_te,0.040
table_d2,CA,2,50,NA,NA,cov_best,0.886
table_d2,CA,2,50,NA,NA,cov_te,0.890
table_d2,CA,2,100,NA,NA,correct,0.178
table_d2,CA,2,100,NA,NA,rmse_best,0.034
table_d2,CA,2,100,NA,NA,rmse_te,0.040
table_d2,CA,2,100,NA,NA,cov_best,0.885
table_d2,CA,2,100,NA,NA,cov_te,0.892
table_d2,CA,3,2,NA,NA,correct,0.665
table_d2,CA,3,2,NA,NA,rmse_best,0.027
table_d2,CA,3,2,NA,NA,rmse_te,0.036
table_d2,CA,3,2,NA,NA,cov_best,0.944
table_d2,CA,3,2,NA,NA,cov_te,0.942
table_d2,CA,3,4,NA,NA,correct,0.673
table_d2,CA,3,4,NA,NA,rmse_best,0.029
table_d2,CA,3,4,NA,NA,rmse_te,0.036
table_d2,CA,3,4,NA,NA,cov_best,0.943
table_d2,CA,3,4,NA,NA,cov_te,0.937
table_d2,CA,3,5,NA,NA,correct,0.685
table_d2,CA,3,5,NA,NA,rmse_best,0.029
table_d2,CA,3,5,NA,NA,rmse_te,0.035
table_d2,CA,3,5,NA,NA,cov_best,0.942
table_d2,CA,3,5,NA,NA,cov_te,0.932
table_d2,CA,3,8,NA,NA,correct,0.682
table_d2,CA,3,8,NA,NA,rmse_best,0.029
table_d2,CA,3,8,NA,NA,rmse_te,0.035
table_d2,CA,3,8,NA,NA,cov_best,0.943
table_d2,CA,3,8,NA,NA,cov_te,0.938
table_d2,CA,3,10,NA,NA,correct,0.683
table_d2,CA,3,10,NA,NA,rmse_best,0.029
table_d2,CA,3,10,NA,NA,rmse_te,0.035
table_d2,CA,3,10,NA,NA,cov_best,0.946
table_d2,CA,3,10,NA,NA,cov_te,0.937
table_d2,CA,3,20,NA,NA,correct,0.676
table_d2,CA,3,20,NA,NA,rmse_best,0.029
table_d2,CA,3,20,NA,NA,rmse_te,0.034
table_d2,CA,3,20,NA,NA,cov_best,0.943
table_d2,CA,3,20,NA,NA,cov_te,0.938
table_d2,CA,3,50,NA,NA,correct,0.680
table_d2,CA,3,50,NA,NA,rmse_best,0.029
table_d2,CA,3,50,NA,NA,rmse_te,0.034
table_d2,CA,3,50,NA,NA,cov_best,0.946
table_d2,CA,3,50,NA,NA,cov_te,0.941
table_d2,CA,3,100,NA,NA,correct,0.670
table_d2,CA,3,100,NA,NA,rmse_best,0.031
table_d2,CA,3,100,NA,NA,rmse_te,0.036
table_d2,CA,3,100,NA,NA,cov_best,0.941
table_d2,CA,3,100,NA,NA,cov_te,0.936
table_d3,TS,NA,NA,0.10,NA,correct,0.113
table_d3,TS,NA,NA,0.10,NA,rmse_best,0.035
table_d3,TS,NA,NA,0.10,NA,rmse_te,0.050
table_d3,TS,NA,NA,0.10,NA,cov_best,0.867
table_d3,TS,NA,NA,0.10,NA,cov_te,0.848
table_d3,TS,NA,NA,0.11,NA,correct,0.193
table_d3,TS,NA,NA,0.11,NA,rmse_best,0.033
table_d3,TS,NA,NA,0.11,NA,rmse_te,0.050
table_d3,TS,NA,NA,0.11,NA,cov_best,0.880
table_d3,TS,NA,NA,0.11,NA,cov_te,0.851
table_d3,TS,NA,NA,0.12,NA,correct,0.289
table_d3,TS,NA,NA,0.12,NA,rmse_best,0.031
table_d3,TS,NA,NA,0.12,NA,rmse_te,0.048
table_d3,TS,NA,NA,0.12,NA,cov_best,0.911
table_d3,TS,NA,NA,0.12,NA,cov_te,0.867
table_d3,TS,NA,NA,0.13,NA,correct,0.415
table_d3,TS,NA,NA,0.13,NA,rmse_best,0.030
table_d3,TS,NA,NA,0.13,NA,rmse_te,0.048
table_d3,TS,NA,NA,0.13,NA,cov_best,0.923
table_d3,TS,NA,NA,0.13,NA,cov_te,0.860
table_d3,TS,NA,NA,0.14,NA,correct,0.534
table_d3,TS,NA,NA,0.14,NA,rmse_best,0.028
table_d3,TS,NA,NA,0.14,NA,rmse_te,0.049
table_d3,TS,NA,NA,0.14,NA,cov_best,0.934
table_d3,TS,NA,NA,0.14,NA,cov_te,0.856
table_d3,TS,NA,NA,0.15,NA,correct,0.665
table_d3,TS,NA,NA,0.15,NA,rmse_best,0.026
table_d3,TS,NA,NA,0.15,NA,rmse_te,0.049
table_d3,TS,NA,NA,0.15,NA,cov_best,0.945
table_d3,TS,NA,NA,0.15,NA,cov_te,0.855
table_d3,TS,NA,NA,0.16,NA,correct,0.779
table_d3,TS,NA,NA,0.16,NA,rmse_best,0.026
table_d3,TS,NA,NA,0.16,NA,rmse_te,0.049
table_d3,TS,NA,NA,0.16,NA,cov_best,0.945
table_d3,TS,NA,NA,0.16,NA,cov_te,0.842
table_d3,TS,NA,NA,0.17,NA,correct,0.848
table_d3,TS,NA,NA,0.17,NA,rmse_best,0.024
table_d3,TS,NA,NA,0.17,NA,rmse_te,0.051
table_d3,TS,NA,NA,0.17,NA,cov_best,0.952
table_d3,TS,NA,NA,0.17,NA,cov_te,0.833
table_d3,TS,NA,NA,0.18,NA,correct,0.905
table_d3,TS,NA,NA,0.18,NA,rmse_best,0.023
table_d3,TS,NA,NA,0.18,NA,rmse_te,0.053
table_d3,TS,NA,NA,0.18,NA,cov_best,0.954
table_d3,TS,NA,NA,0.18,NA,cov_te,0.824
table_d3,TS,NA,NA,0.19,NA,correct,0.946
table_d3,TS,NA,NA,0.19,NA,rmse_best,0.022
table_d3,TS,NA,NA,0.19,NA,rmse_te,0.055
table_d3,TS,NA,NA,0.19,NA,cov_best,0.960
table_d3,TS,NA,NA,0.19,NA,cov_te,0.807
table_d3,TS,NA,NA,0.20,NA,correct,0.968
table_d3,TS,NA,NA,0.20,NA,rmse_best,0.021
table_d3,TS,NA,NA,0.20,NA,rmse_te,0.057
table_d3,TS,NA,NA,0.20,NA,cov_best,0.958
table_d3,TS,NA,NA,0.20,NA,cov_te,0.795
table_d3,Static,NA,NA,0.10,NA,correct,0.118
table_d3,Static,NA,NA,0.10,NA,rmse_best,0.023
table_d3,Static,NA,NA,0.10,NA,rmse_te,0.032
table_d3,Static,NA,NA,0.10,NA,cov_best,0.936
table_d3,Static,NA,NA,0.10,NA,cov_te,0.952
table_d3,Static,NA,NA,0.11,NA,correct,0.180
table_d3,Static,NA,NA,0.11,NA,rmse_best,0.024
table_d3,Static,NA,NA,0.11,NA,rmse_te,0.033
table_d3,Static,NA,NA,0.11,NA,cov_best,0.935
table_d3,Static,NA,NA,0.11,NA,cov_te,0.947
table_d3,Static,NA,NA,0.12,NA,correct,0.266
table_d3,Static,NA,NA,0.12,NA,rmse_best,0.025
table_d3,Static,NA,NA,0.12,NA,rmse_te,0.034
table_d3,Static,NA,NA,0.12,NA,cov_best,0.929
table_d3,Static,NA,NA,0.12,NA,cov_te,0.945
table_d3,Static,NA,NA,0.13,NA,correct,0.363
table_d3,Static,NA,NA,0.13,NA,rmse_best,0.026
table_d3,Static,NA,NA,0.13,NA,rmse_te,0.034
table_d3,Static,NA,NA,0.13,NA,cov_best,0.936
table_d3,Static,NA,NA,0.13,NA,cov_te,0.948
table_d3,Static,NA,NA,0.14,NA,correct,0.471
table_d3,Static,NA,NA,0.14,NA,rmse_best,0.026
table_d3,Static,NA,NA,0.14,NA,rmse_te,0.035
table_d3,Static,NA,NA,0.14,NA,cov_best,0.938
table_d3,Static,NA,NA,0.14,NA,cov_te,0.949
table_d3,Static,NA,NA,0.15,NA,correct,0.575
table_d3,Static,NA,NA,0.15,NA,rmse_best,0.027
table_d3,Static,NA,NA,0.15,NA,rmse_te,0.035
table_d3,Static,NA,NA,0.15,NA,cov_best,0.937
table_d3,Static,NA,NA,0.15,NA,cov_te,0.946
table_d3,Static,NA,NA,0.16,NA,correct,0.666
table_d3,Static,NA,NA,0.16,NA,rmse_best,0.028
table_d3,Static,NA,NA,0.16,NA,rmse_te,0.036
table_d3,Static,NA,NA,0.16,NA,cov_best,0.944
table_d3,Static,NA,NA,0.16,NA,cov_te,0.953
table_d3,Static,NA,NA,0.17,NA,correct,0.750
table_d3,Static,NA,NA,0.17,NA,rmse_best,0.028
table_d3,Static,NA,NA,0.17,NA,rmse_te,0.037
table_d3,Static,NA,NA,0.17,NA,cov_best,0.947
table_d3,Static,NA,NA,0.17,NA,cov_te,0.950
table_d3,Static,NA,NA,0.18,NA,correct,0.826
table_d3,Static,NA,NA,0.18,NA,rmse_best,0.029
table_d3,Static,NA,NA,0.18,NA,rmse_te,0.037
table_d3,Static,NA,NA,0.18,NA,cov_best,0.944
table_d3,Static,NA,NA,0.18,NA,cov_te,0.951
table_d3,Static,NA,NA,0.19,NA,correct,0.870
table_d3,Static,NA,NA,0.19,NA,rmse_best,0.030
table_d3,Static,NA,NA,0.19,NA,rmse_te,0.038
table_d3,Static,NA,NA,0.19,NA,cov_best,0.939
table_d3,Static,NA,NA,0.19,NA,cov_te,0.948
table_d3,Static,NA,NA,0.20,NA,correct,0.909
table_d3,Static,NA,NA,0.20,NA,rmse_best,0.031
table_d3,Static,NA,NA,0.20,NA,rmse_te,0.038
table_d3,Static,NA,NA,0.20,NA,cov_best,0.941
table_d3,Static,NA,NA,0.20,NA,cov_te,0.949
table_d3,CA,NA,NA,0.10,NA,correct,0.106
table_d3,CA,NA,NA,0.10,NA,rmse_best,0.037
table_d3,CA,NA,NA,0.10,NA,rmse_te,0.043
table_d3,CA,NA,NA,0.10,NA,cov_best,0.843
table_d3,CA,NA,NA,0.10,NA,cov_te,0.854
table_d3,CA,NA,NA,0.11,NA,correct,0.174
table_d3,CA,NA,NA,0.11,NA,rmse_best,0.034
table_d3,CA,NA,NA,0.11,NA,rmse_te,0.041
table_d3,CA,NA,NA,0.11,NA,cov_best,0.879
table_d3,CA,NA,NA,0.11,NA,cov_te,0.886
table_d3,CA,NA,NA,0.12,NA,correct,0.275
table_d3,CA,NA,NA,0.12,NA,rmse_best,0.033
table_d3,CA,NA,NA,0.12,NA,rmse_te,0.040
table_d3,CA,NA,NA,0.12,NA,cov_best,0.897
table_d3,CA,NA,NA,0.12,NA,cov_te,0.900
table_d3,CA,NA,NA,0.13,NA,correct,0.375
table_d3,CA,NA,NA,0.13,NA,rmse_best,0.032
table_d3,CA,NA,NA,0.13,NA,rmse_te,0.038
table_d3,CA,NA,NA,0.13,NA,cov_best,0.910
table_d3,CA,NA,NA,0.13,NA,cov_te,0.907
table_d3,CA,NA,NA,0.14,NA,correct,0.502
table_d3,CA,NA,NA,0.14,NA,rmse_best,0.030
table_d3,CA,NA,NA,0.14,NA,rmse_te,0.037
table_d3,CA,NA,NA,0.14,NA,cov_best,0.929
table_d3,CA,NA,NA,0.14,NA,cov_te,0.921
table_d3,CA,NA,NA,0.15,NA,correct,0.636
table_d3,CA,NA,NA,0.15,NA,rmse_best,0.028
table_d3,CA,NA,NA,0.15,NA,rmse_te,0.035
table_d3,CA,NA,NA,0.15,NA,cov_best,0.940
table_d3,CA,NA,NA,0.15,NA,cov_te,0.936
table_d3,CA,NA,NA,0.16,NA,correct,0.728
table_d3,CA,NA,NA,0.16,NA,rmse_best,0.027
table_d3,CA,NA,NA,0.16,NA,rmse_te,0.033
table_d3,CA,NA,NA,0.16,NA,cov_best,0.944
table_d3,CA,NA,NA,0.16,NA,cov_te,0.942
table_d3,CA,NA,NA,0.17,NA,correct,0.820
table_d3,CA,NA,NA,0.17,NA,rmse_best,0.026
table_d3,CA,NA,NA,0.17,NA,rmse_te,0.033
table_d3,CA,NA,NA,0.17,NA,cov_best,0.947
table_d3,CA,NA,NA,0.17,NA,cov_te,0.943
table_d3,CA,NA,NA,0.18,NA,correct,0.877
table_d3,CA,NA,NA,0.18,NA,rmse_best,0.025
table_d3,CA,NA,NA,0.18,NA,rmse_te,0.032
table_d3,CA,NA,NA,0.18,NA,cov_best,0.949
table_d3,CA,NA,NA,0.18,NA,cov_te,0.943
table_d3,CA,NA,NA,0.19,NA,correct,0.923
table_d3,CA,NA,NA,0.19,NA,rmse_best,0.024
table_d3,CA,NA,NA,0.19,NA,rmse_te,0.030
table_d3,CA,NA,NA,0.19,NA,cov_best,0.956
table_d3,CA,NA,NA,0.19,NA,cov_te,0.949
table_d3,CA,NA,NA,0.20,NA,correct,0.956
table_d3,CA,NA,NA,0.20,NA,rmse_best,0.023
table_d3,CA,NA,NA,0.20,NA,rmse_te,0.029
table_d3,CA,NA,NA,0.20,NA,cov_best,0.957
table_d3,CA,NA,NA,0.20,NA,cov_te,0.952
table_d4,TS,1,NA,NA,100,correct,0.968
table_d4,TS,1,NA,NA,100,rmse_best,0.021
table_d4,TS,1,NA,NA,100,rmse_te,0.057
table_d4,TS,1,NA,NA,100,cov_best,0.958
table_d4,TS,1,NA,NA,100,cov_te,0.795
table_d4,TS,1,NA,NA,190,correct,0.965
table_d4,TS,1,NA,NA,190,rmse_best,0.021
table_d4,TS,1,NA,NA,190,rmse_te,0.058
table_d4,TS,1,NA,NA,190,cov_best,0.958
table_d4,TS,1,NA,NA,190,cov_te,0.760
table_d4,TS,1,NA,NA,280,correct,0.971
table_d4,TS,1,NA,NA,280,rmse_best,0.021
table_d4,TS,1,NA,NA,280,rmse_te,0.059
table_d4,TS,1,NA,NA,280,cov_best,0.964
table_d4,TS,1,NA,NA,280,cov_te,0.747
table_d4,TS,1,NA,NA,370,correct,0.969
table_d4,TS,1,NA,NA,370,rmse_best,0.022
table_d4,TS,1,NA,NA,370,rmse_te,0.059
table_d4,TS,1,NA,NA,370,cov_best,0.958
table_d4,TS,1,NA,NA,370,cov_te,0.755
table_d4,TS,1,NA,NA,460,correct,0.967
table_d4,TS,1,NA,NA,460,rmse_best,0.023
table_d4,TS,1,NA,NA,460,rmse_te,0.058
table_d4,TS,1,NA,NA,460,cov_best,0.958
table_d4,TS,1,NA,NA,460,cov_te,0.807
table_d4,TS,1,NA,NA,550,correct,0.971
table_d4,TS,1,NA,NA,550,rmse_best,0.024
table_d4,TS,1,NA,NA,550,rmse_te,0.055
table_d4,TS,1,NA,NA,550,cov_best,0.960
table_d4,TS,1,NA,NA,550,cov_te,0.866
table_d4,TS,1,NA,NA,640,correct,0.966
table_d4,TS,1,NA,NA,640,rmse_best,0.025
table_d4,TS,1,NA,NA,640,rmse_te,0.052
table_d4,TS,1,NA,NA,640,cov_best,0.954
table_d4,TS,1,NA,NA,640,cov_te,0.906
table_d4,TS,1,NA,NA,730,correct,0.961
table_d4,TS,1,NA,NA,730,rmse_best,0.027
table_d4,TS,1,NA,NA,730,rmse_te,0.048
table_d4,TS,1,NA,NA,730,cov_best,0.953
table_d4,TS,1,NA,NA,730,cov_te,0.923
table_d4,TS,1,NA,NA,820,correct,0.954
table_d4,TS,1,NA,NA,820,rmse_best,0.028
table_d4,TS,1,NA,NA,820,rmse_te,0.045
table_d4,TS,1,NA,NA,820,cov_best,0.948
table_d4,TS,1,NA,NA,820,cov_te,0.939
table_d4,TS,1,NA,NA,910,correct,0.938
table_d4,TS,1,NA,NA,910,rmse_best,0.029
table_d4,TS,1,NA,NA,910,rmse_te,0.042
table_d4,TS,1,NA,NA,910,cov_best,0.945
table_d4,TS,1,NA,NA,910,cov_te,0.943
table_d4,TS,2,NA,NA,100,correct,0.193
table_d4,TS,2,NA,NA,100,rmse_best,0.033
table_d4,TS,2,NA,NA,100,rmse_te,0.050
table_d4,TS,2,NA,NA,100,cov_best,0.880
table_d4,TS,2,NA,NA,100,cov_te,0.851
table_d4,TS,2,NA,NA,190,correct,0.200
table_d4,TS,2,NA,NA,190,rmse_best,0.033
table_d4,TS,2,NA,NA,190,rmse_te,0.050
table_d4,TS,2,NA,NA,190,cov_best,0.881
table_d4,TS,2,NA,NA,190,cov_te,0.835
table_d4,TS,2,NA,NA,280,correct,0.189
table_d4,TS,2,NA,NA,280,rmse_best,0.033
table_d4,TS,2,NA,NA,280,rmse_te,0.049
table_d4,TS,2,NA,NA,280,cov_best,0.873
table_d4,TS,2,NA,NA,280,cov_te,0.834
table_d4,TS,2,NA,NA,370,correct,0.188
table_d4,TS,2,NA,NA,370,rmse_best,0.032
table_d4,TS,2,NA,NA,370,rmse_te,0.049
table_d4,TS,2,NA,NA,370,cov_best,0.865
table_d4,TS,2,NA,NA,370,cov_te,0.819
table_d4,TS,2,NA,NA,460,correct,0.186
table_d4,TS,2,NA,NA,460,rmse_best,0.032
table_d4,TS,2,NA,NA,460,rmse_te,0.048
table_d4,TS,2,NA,NA,460,cov_best,0.858
table_d4,TS,2,NA,NA,460,cov_te,0.829
table_d4,TS,2,NA,NA,550,correct,0.185
table_d4,TS,2,NA,NA,550,rmse_best,0.031
table_d4,TS,2,NA,NA,550,rmse_te,0.046
table_d4,TS,2,NA,NA,550,cov_best,0.848
table_d4,TS,2,NA,NA,550,cov_te,0.827
table_d4,TS,2,NA,NA,640,correct,0.188
table_d4,TS,2,NA,NA,640,rmse_best,0.030
table_d4,TS,2,NA,NA,640,rmse_te,0.045
table_d4,TS,2,NA,NA,640,cov_best,0.837
table_d4,TS,2,NA,NA,640,cov_te,0.852
table_d4,TS,2,NA,NA,730,correct,0.184
table_d4,TS,2,NA,NA,730,rmse_best,0.029
table_d4,TS,2,NA,NA,730,rmse_te,0.043
table_d4,TS,2,NA,NA,730,cov_best,0.862
table_d4,TS,2,NA,NA,730,cov_te,0.875
table_d4,TS,2,NA,NA,820,correct,0.188
table_d4,TS,2,NA,NA,820,rmse_best,0.028
table_d4,TS,2,NA,NA,820,rmse_te,0.040
table_d4,TS,2,NA,NA,820,cov_best,0.876
table_d4,TS,2,NA,NA,820,cov_te,0.898
table_d4,TS,2,NA,NA,910,correct,0.185
table_d4,TS,2,NA,NA,910,rmse_best,0.026
table_d4,TS,2,NA,NA,910,rmse_te,0.037
table_d4,TS,2,NA,NA,910,cov_best,0.911
table_d4,TS,2,NA,NA,910,cov_te,0.926
table_d4,TS,3,NA,NA,100,correct,0.715
table_d4,TS,3,NA,NA,100,rmse_best,0.025
table_d4,TS,3,NA,NA,100,rmse_te,0.061
table_d4,TS,3,NA,NA,100,cov_best,0.956
table_d4,TS,3,NA,NA,100,cov_te,0.796
table_d4,TS,3,NA,NA,190,correct,0.710
table_d4,TS,3,NA,NA,190,rmse_best,0.024
table_d4,TS,3,NA,NA,190,rmse_te,0.063
table_d4,TS,3,NA,NA,190,cov_best,0.955
table_d4,TS,3,NA,NA,190,cov_te,0.763
table_d4,TS,3,NA,NA,280,correct,0.702
table_d4,TS,3,NA,NA,280,rmse_best,0.024
table_d4,TS,3,NA,NA,280,rmse_te,0.064
table_d4,TS,3,NA,NA,280,cov_best,0.953
table_d4,TS,3,NA,NA,280,cov_te,0.746
table_d4,TS,3,NA,NA,370,correct,0.706
table_d4,TS,3,NA,NA,370,rmse_best,0.025
table_d4,TS,3,NA,NA,370,rmse_te,0.064
table_d4,TS,3,NA,NA,370,cov_best,0.956
table_d4,TS,3,NA,NA,370,cov_te,0.761
table_d4,TS,3,NA,NA,460,correct,0.690
table_d4,TS,3,NA,NA,460,rmse_best,0.025
table_d4,TS,3,NA,NA,460,rmse_te,0.062
table_d4,TS,3,NA,NA,460,cov_best,0.953
table_d4,TS,3,NA,NA,460,cov_te,0.817
table_d4,TS,3,NA,NA,550,correct,0.693
table_d4,TS,3,NA,NA,550,rmse_best,0.026
table_d4,TS,3,NA,NA,550,rmse_te,0.058
table_d4,TS,3,NA,NA,550,cov_best,0.953
table_d4,TS,3,NA,NA,550,cov_te,0.874
table_d4,TS,3,NA,NA,640,correct,0.680
table_d4,TS,3,NA,NA,640,rmse_best,0.027
table_d4,TS,3,NA,NA,640,rmse_te,0.054
table_d4,TS,3,NA,NA,640,cov_best,0.953
table_d4,TS,3,NA,NA,640,cov_te,0.909
table_d4,TS,3,NA,NA,730,correct,0.677
table_d4,TS,3,NA,NA,730,rmse_best,0.027
table_d4,TS,3,NA,NA,730,rmse_te,0.050
table_d4,TS,3,NA,NA,730,cov_best,0.953
table_d4,TS,3,NA,NA,730,cov_te,0.930
table_d4,TS,3,NA,NA,820,correct,0.668
table_d4,TS,3,NA,NA,820,rmse_best,0.028
table_d4,TS,3,NA,NA,820,rmse_te,0.045
table_d4,TS,3,NA,NA,820,cov_best,0.946
table_d4,TS,3,NA,NA,820,cov_te,0.937
table_d4,TS,3,NA,NA,910,correct,0.661
table_d4,TS,3,NA,NA,910,rmse_best,0.029
table_d4,TS,3,NA,NA,910,rmse_te,0.041
table_d4,TS,3,NA,NA,910,cov_best,0.950
table_d4,TS,3,NA,NA,910,cov_te,0.946
table_d5,CA,1,NA,NA,100,correct,0.956
table_d5,CA,1,NA,NA,100,rmse_best,0.023
table_d5,CA,1,NA,NA,100,rmse_te,0.029
table_d5,CA,1,NA,NA,100,cov_best,0.957
table_d5,CA,1,NA,NA,100,cov_te,0.952
table_d5,CA,1,NA,NA,190,correct,0.957
table_d5,CA,1,NA,NA,190,rmse_best,0.023
table_d5,CA,1,NA,NA,190,rmse_te,0.029
table_d5,CA,1,NA,NA,190,cov_best,0.955
table_d5,CA,1,NA,NA,190,cov_te,0.951
table_d5,CA,1,NA,NA,280,correct,0.955
table_d5,CA,1,NA,NA,280,rmse_best,0.023
table_d5,CA,1,NA,NA,280,rmse_te,0.029
table_d5,CA,1,NA,NA,280,cov_best,0.959
table_d5,CA,1,NA,NA,280,cov_te,0.952
table_d5,CA,1,NA,NA,370,correct,0.957
table_d5,CA,1,NA,NA,370,rmse_best,0.024
table_d5,CA,1,NA,NA,370,rmse_te,0.030
table_d5,CA,1,NA,NA,370,cov_best,0.959
table_d5,CA,1,NA,NA,370,cov_te,0.955
table_d5,CA,1,NA,NA,460,correct,0.959
table_d5,CA,1,NA,NA,460,rmse_best,0.024
table_d5,CA,1,NA,NA,460,rmse_te,0.030
table_d5,CA,1,NA,NA,460,cov_best,0.961
table_d5,CA,1,NA,NA,460,cov_te,0.959
table_d5,CA,1,NA,NA,550,correct,0.959
table_d5,CA,1,NA,NA,550,rmse_best,0.025
table_d5,CA,1,NA,NA,550,rmse_te,0.032
table_d5,CA,1,NA,NA,550,cov_best,0.960
table_d5,CA,1,NA,NA,550,cov_te,0.953
table_d5,CA,1,NA,NA,640,correct,0.951
table_d5,CA,1,NA,NA,640,rmse_best,0.027
table_d5,CA,1,NA,NA,640,rmse_te,0.033
table_d5,CA,1,NA,NA,640,cov_best,0.953
table_d5,CA,1,NA,NA,640,cov_te,0.955
table_d5,CA,1,NA,NA,730,correct,0.948
table_d5,CA,1,NA,NA,730,rmse_best,0.027
table_d5,CA,1,NA,NA,730,rmse_te,0.034
table_d5,CA,1,NA,NA,730,cov_best,0.954
table_d5,CA,1,NA,NA,730,cov_te,0.954
table_d5,CA,1,NA,NA,820,correct,0.941
table_d5,CA,1,NA,NA,820,rmse_best,0.029
table_d5,CA,1,NA,NA,820,rmse_te,0.036
table_d5,CA,1,NA,NA,820,cov_best,0.947
table_d5,CA,1,NA,NA,820,cov_te,0.947
table_d5,CA,1,NA,NA,910,correct,0.924
table_d5,CA,1,NA,NA,910,rmse_best,0.030
table_d5,CA,1,NA,NA,910,rmse_te,0.037
table_d5,CA,1,NA,NA,910,cov_best,0.944
table_d5,CA,1,NA,NA,910,cov_te,0.949
table_d5,CA,2,NA,NA,100,correct,0.174
table_d5,CA,2,NA,NA,100,rmse_best,0.034
table_d5,CA,2,NA,NA,100,rmse_te,0.041
table_d5,CA,2,NA,NA,100,cov_best,0.879
table_d5,CA,2,NA,NA,100,cov_te,0.886
table_d5,CA,2,NA,NA,190,correct,0.173
table_d5,CA,2,NA,NA,190,rmse_best,0.035
table_d5,CA,2,NA,NA,190,rmse_te,0.041
table_d5,CA,2,NA,NA,190,cov_best,0.870
table_d5,CA,2,NA,NA,190,cov_te,0.877
table_d5,CA,2,NA,NA,280,correct,0.172
table_d5,CA,2,NA,NA,280,rmse_best,0.035
table_d5,CA,2,NA,NA,280,rmse_te,0.041
table_d5,CA,2,NA,NA,280,cov_best,0.860
table_d5,CA,2,NA,NA,280,cov_te,0.866
table_d5,CA,2,NA,NA,370,correct,0.176
table_d5,CA,2,NA,NA,370,rmse_best,0.034
table_d5,CA,2,NA,NA,370,rmse_te,0.041
table_d5,CA,2,NA,NA,370,cov_best,0.854
table_d5,CA,2,NA,NA,370,cov_te,0.866
table_d5,CA,2,NA,NA,460,correct,0.178
table_d5,CA,2,NA,NA,460,rmse_best,0.034
table_d5,CA,2,NA,NA,460,rmse_te,0.040
table_d5,CA,2,NA,NA,460,cov_best,0.840
table_d5,CA,2,NA,NA,460,cov_te,0.862
table_d5,CA,2,NA,NA,550,correct,0.176
table_d5,CA,2,NA,NA,550,rmse_best,0.033
table_d5,CA,2,NA,NA,550,rmse_te,0.040
table_d5,CA,2,NA,NA,550,cov_best,0.829
table_d5,CA,2,NA,NA,550,cov_te,0.877
table_d5,CA,2,NA,NA,640,correct,0.176
table_d5,CA,2,NA,NA,640,rmse_best,0.032
table_d5,CA,2,NA,NA,640,rmse_te,0.039
table_d5,CA,2,NA,NA,640,cov_best,0.835
table_d5,CA,2,NA,NA,640,cov_te,0.893
table_d5,CA,2,NA,NA,730,correct,0.181
table_d5,CA,2,NA,NA,730,rmse_best,0.031
table_d5,CA,2,NA,NA,730,rmse_te,0.038
table_d5,CA,2,NA,NA,730,cov_best,0.846
table_d5,CA,2,NA,NA,730,cov_te,0.907
table_d5,CA,2,NA,NA,820,correct,0.171
table_d5,CA,2,NA,NA,820,rmse_best,0.029
table_d5,CA,2,NA,NA,820,rmse_te,0.037
table_d5,CA,2,NA,NA,820,cov_best,0.879
table_d5,CA,2,NA,NA,820,cov_te,0.922
table_d5,CA,2,NA,NA,910,correct,0.186
table_d5,CA,2,NA,NA,910,rmse_best,0.027
table_d5,CA,2,NA,NA,910,rmse_te,0.035
table_d5,CA,2,NA,NA,910,cov_best,0.914
table_d5,CA,2,NA,NA,910,cov_te,0.939
table_d5,CA,3,NA,NA,100,correct,0.683
table_d5,CA,3,NA,NA,100,rmse_best,0.029
table_d5,CA,3,NA,NA,100,rmse_te,0.035
table_d5,CA,3,NA,NA,100,cov_best,0.946
table_d5,CA,3,NA,NA,100,cov_te,0.937
table_d5,CA,3,NA,NA,190,correct,0.678
table_d5,CA,3,NA,NA,190,rmse_best,0.028
table_d5,CA,3,NA,NA,190,rmse_te,0.034
table_d5,CA,3,NA,NA,190,cov_best,0.943
table_d5,CA,3,NA,NA,190,cov_te,0.935
table_d5,CA,3,NA,NA,280,correct,0.685
table_d5,CA,3,NA,NA,280,rmse_best,0.027
table_d5,CA,3,NA,NA,280,rmse_te,0.034
table_d5,CA,3,NA,NA,280,cov_best,0.949
table_d5,CA,3,NA,NA,280,cov_te,0.938
table_d5,CA,3,NA,NA,370,correct,0.677
table_d5,CA,3,NA,NA,370,rmse_best,0.027
table_d5,CA,3,NA,NA,370,rmse_te,0.033
table_d5,CA,3,NA,NA,370,cov_best,0.949
table_d5,CA,3,NA,NA,370,cov_te,0.946
table_d5,CA,3,NA,NA,460,correct,0.684
table_d5,CA,3,NA,NA,460,rmse_best,0.027
table_d5,CA,3,NA,NA,460,rmse_te,0.034
table_d5,CA,3,NA,NA,460,cov_best,0.949
table_d5,CA,3,NA,NA,460,cov_te,0.944
table_d5,CA,3,NA,NA,550,correct,0.664
table_d5,CA,3,NA,NA,550,rmse_best,0.027
table_d5,CA,3,NA,NA,550,rmse_te,0.034
table_d5,CA,3,NA,NA,550,cov_best,0.947
table_d5,CA,3,NA,NA,550,cov_te,0.941
table_d5,CA,3,NA,NA,640,correct,0.665
table_d5,CA,3,NA,NA,640,rmse_best,0.028
table_d5,CA,3,NA,NA,640,rmse_te,0.035
table_d5,CA,3,NA,NA,640,cov_best,0.944
table_d5,CA,3,NA,NA,640,cov_te,0.942
table_d5,CA,3,NA,NA,730,correct,0.666
table_d5,CA,3,NA,NA,730,rmse_best,0.029
table_d5,CA,3,NA,NA,730,rmse_te,0.036
table_d5,CA,3,NA,NA,730,cov_best,0.943
table_d5,CA,3,NA,NA,730,cov_te,0.944
table_d5,CA,3,NA,NA,820,correct,0.646
table_d5,CA,3,NA,NA,820,rmse_best,0.030
table_d5,CA,3,NA,NA,820,rmse_te,0.037
table_d5,CA,3,NA,NA,820,cov_best,0.939
table_d5,CA,3,NA,NA,820,cov_te,0.945
table_d5,CA,3,NA,NA,910,correct,0.652
table_d5,CA,3,NA,NA,910,rmse_best,0.030
table_d5,CA,3,NA,NA,910,rmse_te,0.037
table_d5,CA,3,NA,NA,910,cov_best,0.940
table_d5,CA,3,NA,NA,910,cov_te,0.948
